{
    "total_runtime": 141.27243566513062,
    "num_documents": 2,
    "input_load_time": 0,
    "workflows": {
        "create_base_text_units": {
            "overall": 0.20328807830810547,
            "0_orderby": 0.0025892257690429688,
            "1_zip": 0.003077268600463867,
            "2_aggregate_override": 0.00533747673034668,
            "3_chunk": 0.16016888618469238,
            "4_select": 0.003780364990234375,
            "5_unroll": 0.004397392272949219,
            "6_rename": 0.0026159286499023438,
            "7_genid": 0.003208160400390625,
            "8_unzip": 0.0030057430267333984,
            "9_copy": 0.0024292469024658203,
            "10_filter": 0.009985208511352539
        },
        "create_base_extracted_entities": {
            "overall": 56.027177572250366,
            "0_entity_extract": 55.99333167076111,
            "1_merge_graphs": 0.02367091178894043,
            "2_snapshot_rows": 0.0065004825592041016
        },
        "create_summarized_entities": {
            "overall": 6.199404716491699,
            "0_summarize_descriptions": 6.1881935596466064,
            "1_snapshot_rows": 0.006925821304321289
        },
        "create_base_entity_graph": {
            "overall": 0.10316109657287598,
            "0_cluster_graph": 0.07540440559387207,
            "1_snapshot_rows": 0.009952783584594727,
            "2_snapshot_rows": 0.007642030715942383,
            "3_select": 0.005265712738037109
        },
        "create_final_entities": {
            "overall": 2.0874624252319336,
            "0_unpack_graph": 0.03289437294006348,
            "1_rename": 0.006366252899169922,
            "2_select": 0.00599217414855957,
            "3_dedupe": 0.005966663360595703,
            "4_rename": 0.005535125732421875,
            "5_filter": 0.01415562629699707,
            "6_text_split": 0.007501363754272461,
            "7_drop": 0.006082296371459961,
            "8_merge": 0.02241039276123047,
            "9_text_embed": 1.9481971263885498,
            "10_drop": 0.00837397575378418,
            "11_filter": 0.01813507080078125
        },
        "create_final_nodes": {
            "overall": 0.6408092975616455,
            "0_layout_graph": 0.10834026336669922,
            "1_unpack_graph": 0.037850141525268555,
            "2_unpack_graph": 0.03657174110412598,
            "3_drop": 0.00875401496887207,
            "4_filter": 0.02159857749938965,
            "5_select": 0.008092403411865234,
            "6_rename": 0.007704734802246094,
            "7_convert": 0.024764537811279297,
            "8_join": 0.3703646659851074,
            "9_rename": 0.009101629257202148
        },
        "create_final_communities": {
            "overall": 0.31108689308166504,
            "0_unpack_graph": 0.040125370025634766,
            "1_unpack_graph": 0.03984475135803223,
            "2_aggregate_override": 0.012481689453125,
            "3_join": 0.017918825149536133,
            "4_join": 0.01653003692626953,
            "5_concat": 0.01070713996887207,
            "6_filter": 0.06420493125915527,
            "7_aggregate_override": 0.015435218811035156,
            "8_join": 0.014705896377563477,
            "9_filter": 0.02423095703125,
            "10_fill": 0.010299921035766602,
            "11_merge": 0.013565778732299805,
            "12_copy": 0.010603904724121094,
            "13_select": 0.010784626007080078
        },
        "join_text_units_to_entity_ids": {
            "overall": 0.047876596450805664,
            "0_select": 0.010986566543579102,
            "1_unroll": 0.012637138366699219,
            "2_aggregate_override": 0.013416767120361328
        },
        "create_final_relationships": {
            "overall": 0.1927945613861084,
            "0_unpack_graph": 0.043062448501586914,
            "1_filter": 0.029668569564819336,
            "2_rename": 0.012235403060913086,
            "3_filter": 0.030296802520751953,
            "4_drop": 0.012307405471801758,
            "5_compute_edge_combined_degree": 0.015740633010864258,
            "6_convert": 0.025254487991333008,
            "7_convert": 0.012462615966796875
        },
        "join_text_units_to_relationship_ids": {
            "overall": 0.06926155090332031,
            "0_select": 0.013121604919433594,
            "1_unroll": 0.014684200286865234,
            "2_aggregate_override": 0.015358448028564453,
            "3_select": 0.013570308685302734
        },
        "create_final_community_reports": {
            "overall": 69.31990265846252,
            "0_prepare_community_reports_nodes": 0.018399715423583984,
            "1_prepare_community_reports_edges": 0.016839981079101562,
            "2_restore_community_hierarchy": 0.018368959426879883,
            "3_prepare_community_reports": 0.12156915664672852,
            "4_create_community_reports": 69.11534094810486,
            "5_window": 0.01532745361328125
        },
        "create_final_text_units": {
            "overall": 0.11371874809265137,
            "0_select": 0.014484405517578125,
            "1_rename": 0.014347076416015625,
            "2_join": 0.018576622009277344,
            "3_join": 0.01923513412475586,
            "4_aggregate_override": 0.0171353816986084,
            "5_select": 0.01546621322631836
        },
        "create_base_documents": {
            "overall": 0.18782615661621094,
            "0_unroll": 0.016805648803710938,
            "1_select": 0.01623225212097168,
            "2_rename": 0.016075849533081055,
            "3_join": 0.019749164581298828,
            "4_aggregate_override": 0.017835140228271484,
            "5_join": 0.020131587982177734,
            "6_rename": 0.016478776931762695,
            "7_convert": 0.04896092414855957
        },
        "create_final_documents": {
            "overall": 0.03280830383300781,
            "0_rename": 0.016481637954711914
        }
    }
}