{
    "total_runtime": 738.877504825592,
    "num_documents": 10,
    "input_load_time": 0,
    "workflows": {
        "create_base_text_units": {
            "overall": 0.3168003559112549,
            "0_orderby": 0.003118276596069336,
            "1_zip": 0.0032346248626708984,
            "2_aggregate_override": 0.00618743896484375,
            "3_chunk": 0.26348066329956055,
            "4_select": 0.005038022994995117,
            "5_unroll": 0.00529026985168457,
            "6_rename": 0.002908945083618164,
            "7_genid": 0.0061223506927490234,
            "8_unzip": 0.004243612289428711,
            "9_copy": 0.002566814422607422,
            "10_filter": 0.012666940689086914
        },
        "create_base_extracted_entities": {
            "overall": 332.56320691108704,
            "0_entity_extract": 331.63665413856506,
            "1_merge_graphs": 0.9119279384613037,
            "2_snapshot_rows": 0.01026773452758789
        },
        "create_summarized_entities": {
            "overall": 71.84843516349792,
            "0_summarize_descriptions": 71.81902813911438,
            "1_snapshot_rows": 0.024292945861816406
        },
        "create_base_entity_graph": {
            "overall": 7.754674911499023,
            "0_cluster_graph": 7.663496732711792,
            "1_snapshot_rows": 0.04686379432678223,
            "2_snapshot_rows": 0.03056931495666504,
            "3_select": 0.007582426071166992
        },
        "create_final_entities": {
            "overall": 11.646824598312378,
            "0_unpack_graph": 3.6071622371673584,
            "1_rename": 0.009128332138061523,
            "2_select": 0.009968996047973633,
            "3_dedupe": 0.009681224822998047,
            "4_rename": 0.0069696903228759766,
            "5_filter": 0.03214001655578613,
            "6_text_split": 0.025226354598999023,
            "7_drop": 0.008319616317749023,
            "8_merge": 0.22257018089294434,
            "9_text_embed": 7.658731698989868,
            "10_drop": 0.010293245315551758,
            "11_filter": 0.03935718536376953
        },
        "create_final_nodes": {
            "overall": 21.692094564437866,
            "0_layout_graph": 11.874214887619019,
            "1_unpack_graph": 4.714653968811035,
            "2_unpack_graph": 4.8221845626831055,
            "3_filter": 0.13257694244384766,
            "4_drop": 0.014708995819091797,
            "5_select": 0.009760856628417969,
            "6_rename": 0.008823156356811523,
            "7_join": 0.05132770538330078,
            "8_convert": 0.03275132179260254,
            "9_rename": 0.02171158790588379
        },
        "create_final_communities": {
            "overall": 11.569561958312988,
            "0_unpack_graph": 4.0510289669036865,
            "1_unpack_graph": 4.398350954055786,
            "2_aggregate_override": 0.024230241775512695,
            "3_join": 0.30617713928222656,
            "4_join": 0.2299821376800537,
            "5_concat": 0.041665077209472656,
            "6_filter": 2.278958559036255,
            "7_aggregate_override": 0.07515239715576172,
            "8_join": 0.01732325553894043,
            "9_filter": 0.052605390548706055,
            "10_fill": 0.011484861373901367,
            "11_merge": 0.037511587142944336,
            "12_copy": 0.012300252914428711,
            "13_select": 0.011669635772705078
        },
        "join_text_units_to_entity_ids": {
            "overall": 0.05858755111694336,
            "0_select": 0.011954784393310547,
            "1_unroll": 0.016575098037719727,
            "2_aggregate_override": 0.017672061920166016
        },
        "create_final_relationships": {
            "overall": 4.579564094543457,
            "0_unpack_graph": 4.198896408081055,
            "1_filter": 0.12403321266174316,
            "2_rename": 0.01728677749633789,
            "3_filter": 0.13980340957641602,
            "4_drop": 0.015111684799194336,
            "5_compute_edge_combined_degree": 0.02637624740600586,
            "6_convert": 0.027988672256469727,
            "7_convert": 0.01595330238342285
        },
        "join_text_units_to_relationship_ids": {
            "overall": 0.08118510246276855,
            "0_select": 0.01406240463256836,
            "1_unroll": 0.018815994262695312,
            "2_aggregate_override": 0.019624948501586914,
            "3_select": 0.014760971069335938
        },
        "create_final_community_reports": {
            "overall": 265.40750885009766,
            "0_prepare_community_reports_nodes": 0.11872100830078125,
            "1_prepare_community_reports_edges": 0.051470279693603516,
            "2_restore_community_hierarchy": 0.054489850997924805,
            "3_prepare_community_reports": 1.0512480735778809,
            "4_create_community_reports": 264.0893380641937,
            "5_window": 0.018725872039794922
        },
        "create_final_text_units": {
            "overall": 0.12548112869262695,
            "0_select": 0.0160980224609375,
            "1_rename": 0.015566825866699219,
            "2_join": 0.021382808685302734,
            "3_join": 0.02102494239807129,
            "4_aggregate_override": 0.019153833389282227,
            "5_select": 0.016520023345947266
        },
        "create_base_documents": {
            "overall": 0.22256755828857422,
            "0_unroll": 0.019063234329223633,
            "1_select": 0.017293453216552734,
            "2_rename": 0.016786575317382812,
            "3_join": 0.021632909774780273,
            "4_aggregate_override": 0.019257068634033203,
            "5_join": 0.021981000900268555,
            "6_rename": 0.01765131950378418,
            "7_convert": 0.07148981094360352
        },
        "create_final_documents": {
            "overall": 0.036690473556518555,
            "0_rename": 0.018124103546142578
        }
    }
}